{
    "ranking_accuracy": {
        "AyaExpanse-32B": 0.7818181818181819,
        "AyaExpanse-8B": 0.7636363636363637,
        "CommandA": 0.9454545454545454,
        "CommandR7B": 0.8,
        "DeepSeek-V3": 0.8545454545454545,
        "GPT-4.1": 1.0,
        "Llama-3.1-8B": 0.6909090909090909,
        "Llama-4-Maverick": 0.9090909090909091,
        "Mistral-7B": 0.5272727272727272,
        "Mistral-Medium": 0.9272727272727272,
        "Qwen2.5-7B": 0.7454545454545455,
        "Qwen3-235B": 0.8909090909090909
    },
    "tau_by_faithfulness": {
        "AyaExpanse-32B": -0.2006734006734007,
        "AyaExpanse-8B": -0.18989898989898993,
        "CommandA": -0.09102132435465769,
        "CommandR7B": -0.2175084175084175,
        "DeepSeek-V3": -0.09259259259259259,
        "GPT-4.1": 0.00235690235690236,
        "Llama-3.1-8B": -0.2787878787878788,
        "Llama-4-Maverick": -0.13434343434343432,
        "Mistral-7B": -0.232996632996633,
        "Mistral-Medium": -0.12457912457912458,
        "Qwen2.5-7B": -0.22121212121212122,
        "Qwen3-235B": -0.019865319865319867
    },
    "tau_by_coverage": {
        "AyaExpanse-32B": -0.1313131313131313,
        "AyaExpanse-8B": -0.18417508417508413,
        "CommandA": 0.02413019079685746,
        "CommandR7B": -0.14646464646464644,
        "DeepSeek-V3": -0.05050505050505051,
        "GPT-4.1": -0.02592592592592593,
        "Llama-3.1-8B": -0.15319865319865322,
        "Llama-4-Maverick": -0.07744107744107745,
        "Mistral-7B": -0.14545454545454548,
        "Mistral-Medium": 0.02693602693602694,
        "Qwen2.5-7B": -0.17643097643097644,
        "Qwen3-235B": 0.0033670033670033764
    },
    "tau_by_naturalness": {
        "AyaExpanse-32B": -0.22929292929292927,
        "AyaExpanse-8B": -0.22929292929292927,
        "CommandA": 0.0349420127197905,
        "CommandR7B": -0.2505050505050505,
        "DeepSeek-V3": -0.05488215488215487,
        "GPT-4.1": 0.025252525252525256,
        "Llama-3.1-8B": -0.21717171717171724,
        "Llama-4-Maverick": -0.03265993265993266,
        "Mistral-7B": -0.30707070707070705,
        "Mistral-Medium": -0.021548821548821546,
        "Qwen2.5-7B": -0.21851851851851853,
        "Qwen3-235B": -0.009427609427609427
    },
    "tau_by_coherence": {
        "AyaExpanse-32B": -0.13333333333333333,
        "AyaExpanse-8B": -0.1080808080808081,
        "CommandA": 0.03449307893752339,
        "CommandR7B": -0.11952861952861953,
        "DeepSeek-V3": -0.07138047138047138,
        "GPT-4.1": 0.07912457912457914,
        "Llama-3.1-8B": -0.07979797979797981,
        "Llama-4-Maverick": -0.04107744107744108,
        "Mistral-7B": -0.17070707070707075,
        "Mistral-Medium": 0.034343434343434356,
        "Qwen2.5-7B": -0.0919191919191919,
        "Qwen3-235B": 0.04208754208754209
    },
    "tau_average": {
        "AyaExpanse-32B": -0.17365319865319864,
        "AyaExpanse-8B": -0.17786195286195286,
        "CommandA": 0.000635989524878415,
        "CommandR7B": -0.18350168350168347,
        "DeepSeek-V3": -0.06734006734006734,
        "GPT-4.1": 0.020202020202020207,
        "Llama-3.1-8B": -0.18223905723905726,
        "Llama-4-Maverick": -0.07138047138047138,
        "Mistral-7B": -0.21405723905723906,
        "Mistral-Medium": -0.021212121212121206,
        "Qwen2.5-7B": -0.17702020202020202,
        "Qwen3-235B": 0.004040404040404043
    }
}