{
    "ranking_accuracy": {
        "Claude-4": 0.95,
        "GPT-4.1": 0.9495798319327731,
        "CommandA": 0.9327731092436975,
        "Qwen3-235B": 0.9083333333333333,
        "Mistral-Medium": 0.8823529411764706,
        "DeepSeek-V3": 0.85,
        "Llama-4-Maverick": 0.8333333333333334,
        "AyaExpanse-32B": 0.7333333333333333,
        "Qwen2.5-7B": 0.7,
        "Llama-3.1-8B": 0.6333333333333333,
        "CommandR7B": 0.6166666666666667,
        "AyaExpanse-8B": 0.5833333333333334,
        "Mistral-7B": 0.55
    },
    "acc_eq_by_instruction_following": {
        "Claude-4": 0.5707246376811593,
        "GPT-4.1": 0.5858695652173913,
        "CommandA": 0.5872101449275361,
        "Qwen3-235B": 0.5942753623188406,
        "Mistral-Medium": 0.5545108695652173,
        "DeepSeek-V3": 0.5791304347826086,
        "Llama-4-Maverick": 0.5244746376811594,
        "AyaExpanse-32B": 0.5263405797101449,
        "Qwen2.5-7B": 0.48567028985507255,
        "Llama-3.1-8B": 0.4430253623188406,
        "CommandR7B": 0.5233695652173913,
        "AyaExpanse-8B": 0.5117028985507247,
        "Mistral-7B": 0.49811594202898557
    },
    "acc_eq_by_coherence": {
        "Claude-4": 0.5617210144927536,
        "GPT-4.1": 0.5909601449275361,
        "CommandA": 0.5895289855072464,
        "Qwen3-235B": 0.589891304347826,
        "Mistral-Medium": 0.5567572463768117,
        "DeepSeek-V3": 0.5316485507246377,
        "Llama-4-Maverick": 0.5558152173913044,
        "AyaExpanse-32B": 0.5057789855072463,
        "Qwen2.5-7B": 0.4792753623188406,
        "Llama-3.1-8B": 0.4681702898550724,
        "CommandR7B": 0.5131702898550725,
        "AyaExpanse-8B": 0.4791666666666667,
        "Mistral-7B": 0.4463949275362319
    },
    "acc_eq_by_naturalness": {
        "Claude-4": 0.5469202898550725,
        "GPT-4.1": 0.5387137681159421,
        "CommandA": 0.531177536231884,
        "Qwen3-235B": 0.5322101449275363,
        "Mistral-Medium": 0.5368297101449275,
        "DeepSeek-V3": 0.5049456521739131,
        "Llama-4-Maverick": 0.5067391304347827,
        "AyaExpanse-32B": 0.46771739130434786,
        "Qwen2.5-7B": 0.46307971014492755,
        "Llama-3.1-8B": 0.4000905797101449,
        "CommandR7B": 0.44228260869565217,
        "AyaExpanse-8B": 0.43726449275362317,
        "Mistral-7B": 0.4015579710144927
    },
    "acc_eq_average": {
        "Claude-4": 0.559788647342995,
        "GPT-4.1": 0.5718478260869565,
        "CommandA": 0.5693055555555555,
        "Qwen3-235B": 0.5721256038647343,
        "Mistral-Medium": 0.5493659420289855,
        "DeepSeek-V3": 0.5385748792270532,
        "Llama-4-Maverick": 0.5290096618357488,
        "AyaExpanse-32B": 0.4999456521739131,
        "Qwen2.5-7B": 0.4760084541062802,
        "Llama-3.1-8B": 0.4370954106280193,
        "CommandR7B": 0.49294082125603866,
        "AyaExpanse-8B": 0.47604468599033817,
        "Mistral-7B": 0.44868961352657005
    }
}