{
    "Chinese": {
      "Gemini 2.5 Pro": 28.795801881258694,
      "Claude 4": 26.19457033879495,
      "DeepSeek V3": 17.428669729937024,
      "GPT 4.1": 12.746979568825978,
      "Llama 4 Maverick": 14.21914194767141,
      "CommandA": 15.657779355294775,
      "Mistral Medium": 14.796508954403796,
      "Qwen3 235B": 9.640020905840544,
      "Gemma 3 27B": 14.989331932160392,
      "Gemma 3 12B": 16.019893965033866,
      "AyaExpanse 32B": 15.726610039641253,
      "TowerPlus 72B": 3.1757289233215222,
      "Llama 3.1 8B": 10.064309062052107,
      "Qwen2.5 7B": 12.214005884175375,
      "AyaExpanse 8B": 8.132867708203431,
      "TowerPlus 9B": 6.0975900257200575,
      "CommandR7B": 7.056057917638069,
      "EuroLLM 22B": 2.0867474387923544,
      "EuroLLM 9B": 1.0913271018399846,
      "Mistral 7B": 3.6142740979374395
    },
    "Czech": {
      "Gemini 2.5 Pro": 36.77175691458198,
      "Claude 4": 29.3437950355036,
      "DeepSeek V3": 21.47358982347153,
      "GPT 4.1": 24.63459780060719,
      "Llama 4 Maverick": 22.14727608086902,
      "CommandA": 20.137263952970056,
      "Mistral Medium": 15.144150089057591,
      "Qwen3 235B": 12.975217439634175,
      "Gemma 3 27B": 12.539562088349385,
      "Gemma 3 12B": 13.279201858794858,
      "AyaExpanse 32B": 15.023542071718841,
      "TowerPlus 72B": 9.15386260897971,
      "Llama 3.1 8B": 6.6991470598675935,
      "Qwen2.5 7B": 9.601106874240088,
      "AyaExpanse 8B": 8.815052361683852,
      "TowerPlus 9B": 5.50596428159434,
      "CommandR7B": 4.272822201569495,
      "EuroLLM 22B": 5.86117890460733,
      "EuroLLM 9B": 5.631960600106105,
      "Mistral 7B": 1.089905760148913
    },
    "Dutch": {
      "Gemini 2.5 Pro": 37.52472924353725,
      "Claude 4": 27.85440461800341,
      "DeepSeek V3": 24.12042284483628,
      "GPT 4.1": 27.138905483929822,
      "Llama 4 Maverick": 23.153391108400516,
      "CommandA": 23.153589893650416,
      "Mistral Medium": 20.76538327239269,
      "Qwen3 235B": 21.063879577300742,
      "Gemma 3 27B": 17.799470502322112,
      "Gemma 3 12B": 18.904653359423925,
      "AyaExpanse 32B": 18.717156620254375,
      "TowerPlus 72B": 14.359274007842057,
      "Llama 3.1 8B": 13.201997242453231,
      "Qwen2.5 7B": 10.84039954834316,
      "AyaExpanse 8B": 11.837060635785363,
      "TowerPlus 9B": 9.825865250541536,
      "CommandR7B": 9.169034055239871,
      "EuroLLM 22B": 5.945934392802318,
      "EuroLLM 9B": 4.864773136719714,
      "Mistral 7B": 0.4383017574846031
    },
    "English": {
      "Gemini 2.5 Pro": 38.349198050169704,
      "Claude 4": 24.61656090657711,
      "DeepSeek V3": 23.212308262296034,
      "GPT 4.1": 20.54326052524608,
      "Llama 4 Maverick": 22.426205050745338,
      "CommandA": 17.837500085693836,
      "Mistral Medium": 20.435660261790506,
      "Qwen3 235B": 21.976898030311954,
      "Gemma 3 27B": 18.404265988699418,
      "Gemma 3 12B": 21.07063516892717,
      "AyaExpanse 32B": 18.931726133306217,
      "TowerPlus 72B": 17.583564030081426,
      "Llama 3.1 8B": 14.650742612567283,
      "Qwen2.5 7B": 13.517482171890109,
      "AyaExpanse 8B": 13.546056590944524,
      "TowerPlus 9B": 13.794357548089684,
      "CommandR7B": 13.507826314966193,
      "EuroLLM 22B": 10.44500850743116,
      "EuroLLM 9B": 5.71490241041945,
      "Mistral 7B": 5.785419589189561
    },
    "Estonian": {
      "Gemini 2.5 Pro": 32.515778359262534,
      "Claude 4": 27.00931146256384,
      "DeepSeek V3": 24.480136904322467,
      "GPT 4.1": 29.357929484677634,
      "Llama 4 Maverick": 19.447682694864866,
      "CommandA": 18.8035869871013,
      "Mistral Medium": 14.601174217685811,
      "Qwen3 235B": 13.391724399442241,
      "Gemma 3 27B": 17.03151475379534,
      "Gemma 3 12B": 17.883612039220655,
      "AyaExpanse 32B": 3.480222449101454,
      "TowerPlus 72B": 13.121592925387423,
      "Llama 3.1 8B": 6.444306540341757,
      "Qwen2.5 7B": 10.399408629222233,
      "AyaExpanse 8B": 1.83588924970414,
      "TowerPlus 9B": 8.976160805507947,
      "CommandR7B": 0.6427985703409015,
      "EuroLLM 22B": 4.91470900384844,
      "EuroLLM 9B": 4.923726189570733,
      "Mistral 7B": 2.413100444056014
    },
    "French": {
      "Gemini 2.5 Pro": 39.901470896566885,
      "Claude 4": 32.87157261987195,
      "DeepSeek V3": 27.886080236099204,
      "GPT 4.1": 27.43543635700134,
      "Llama 4 Maverick": 26.495459830960808,
      "CommandA": 20.601931757806142,
      "Mistral Medium": 21.218411927912225,
      "Qwen3 235B": 19.145117839398296,
      "Gemma 3 27B": 18.317945057032453,
      "Gemma 3 12B": 17.29072411657501,
      "AyaExpanse 32B": 17.73595949479187,
      "TowerPlus 72B": 14.78698137621493,
      "Llama 3.1 8B": 16.105619743310324,
      "Qwen2.5 7B": 12.20822705672684,
      "AyaExpanse 8B": 10.725371603854402,
      "TowerPlus 9B": 8.574553691304647,
      "CommandR7B": 13.12664587806336,
      "EuroLLM 22B": 4.302642130160127,
      "EuroLLM 9B": 1.7246940563837183,
      "Mistral 7B": 2.708148427621625
    },
    "German": {
      "Gemini 2.5 Pro": 37.270011742000285,
      "Claude 4": 33.83315608818677,
      "DeepSeek V3": 28.222556481070683,
      "GPT 4.1": 24.27707081000595,
      "Llama 4 Maverick": 25.935900920143446,
      "CommandA": 18.828924275342324,
      "Mistral Medium": 24.901288257530325,
      "Qwen3 235B": 20.857869814354828,
      "Gemma 3 27B": 18.10682350822977,
      "Gemma 3 12B": 17.185771628348565,
      "AyaExpanse 32B": 14.838372570758404,
      "TowerPlus 72B": 11.080715941494452,
      "Llama 3.1 8B": 13.122481690498937,
      "Qwen2.5 7B": 9.991954370300462,
      "AyaExpanse 8B": 10.86714010138173,
      "TowerPlus 9B": 13.459330011359915,
      "CommandR7B": 11.551955883364437,
      "EuroLLM 22B": 8.834855667592404,
      "EuroLLM 9B": 1.5965253764404452,
      "Mistral 7B": 2.205327413974847
    },
    "Japanese": {
      "Gemini 2.5 Pro": 35.413572905295496,
      "Claude 4": 29.806755361020915,
      "DeepSeek V3": 23.085193537649364,
      "GPT 4.1": 21.638317743374408,
      "Llama 4 Maverick": 20.216495116662298,
      "CommandA": 21.315433743891234,
      "Mistral Medium": 22.891181377056025,
      "Qwen3 235B": 16.04611725806203,
      "Gemma 3 27B": 19.998097446556407,
      "Gemma 3 12B": 15.877777490440616,
      "AyaExpanse 32B": 18.06642224158581,
      "TowerPlus 72B": 16.549020075995244,
      "Llama 3.1 8B": 10.24380461819364,
      "Qwen2.5 7B": 7.66437233261397,
      "AyaExpanse 8B": 7.403351362885108,
      "TowerPlus 9B": 6.4514695967009645,
      "CommandR7B": 4.805770134837652,
      "EuroLLM 22B": 0.5834430569624234,
      "EuroLLM 9B": 1.590840776840328,
      "Mistral 7B": 2.0517218481091284
    },
    "Korean": {
      "Gemini 2.5 Pro": 40.91413385209142,
      "Claude 4": 26.312406976463464,
      "DeepSeek V3": 20.389331881223942,
      "GPT 4.1": 15.271561867100205,
      "Llama 4 Maverick": 20.18160748355016,
      "CommandA": 21.772632791350695,
      "Mistral Medium": 15.181713443723806,
      "Qwen3 235B": 17.838277579086757,
      "Gemma 3 27B": 18.217144739244244,
      "Gemma 3 12B": 12.824096776634656,
      "AyaExpanse 32B": 15.72603638042637,
      "TowerPlus 72B": 15.103142954163687,
      "Llama 3.1 8B": 6.550418737888763,
      "Qwen2.5 7B": 11.917204137296013,
      "AyaExpanse 8B": 8.430866897993207,
      "TowerPlus 9B": 8.82632268574364,
      "CommandR7B": 3.23426498216507,
      "EuroLLM 22B": 3.7232620144631747,
      "EuroLLM 9B": 0.6632000200915359,
      "Mistral 7B": 0.7320079234019821
    },
    "Persian": {
      "Gemini 2.5 Pro": 29.435313822038506,
      "Claude 4": 26.308052655774624,
      "DeepSeek V3": 20.609796674349635,
      "GPT 4.1": 21.773825392212085,
      "Llama 4 Maverick": 21.25454713916519,
      "CommandA": 18.19925540632338,
      "Mistral Medium": 15.679573324526283,
      "Qwen3 235B": 14.298201027682373,
      "Gemma 3 27B": 14.768088059560801,
      "Gemma 3 12B": 16.56290132840512,