{
    "en-et_EE": {
        "refA": 83.11052631578947,
        "Gemini 2.5 Pro": 78.75263157894737,
        "Wenyiil": 72.64473684210526,
        "GPT 4.1": 72.15526315789474,
        "Algharb": 70.43947368421053,
        "Shy": 70.25263157894737,
        "ONLINE-B": 60.213157894736845,
        "Yolu": 59.47105263157895,
        "TranssionTranslate": 57.08157894736842,
        "Claude 4": 52.95,
        "GemTrans": 51.660526315789475,
        "CommandA-MT": 50.14736842105263,
        "SRPOL": 49.41315789473684,
        "Laniqo": 48.560526315789474,
        "EuroLLM 22B": 47.223684210526315,
        "SalamandraTA": 46.665789473684214,
        "UvA-MT": 46.44210526315789,
        "Gemma 3 27B": 45.873684210526314,
        "IRB-MT": 32.439473684210526
    },
    "en-zh_CN": {
        "Algharb": 88.42171717171718,
        "Shy": 88.23484848484848,
        "Claude 4": 86.87878787878788,
        "Wenyiil": 86.32575757575758,
        "DeepSeek V3": 84.96717171717172,
        "GemTrans": 84.4090909090909,
        "Qwen3 235B": 84.04040404040404,
        "GPT 4.1": 83.9949494949495,
        "Gemini 2.5 Pro": 83.84848484848484,
        "UvA-MT": 83.43434343434343,
        "refA": 82.10353535353535,
        "CommandA-MT": 81.32070707070707,
        "Llama 4 Maverick": 80.72222222222223,
        "Mistral Medium": 79.93686868686869,
        "Yolu": 79.04040404040404,
        "SRPOL": 77.69949494949495,
        "IRB-MT": 76.52777777777777,
        "RuZh": 75.67171717171718,
        "Laniqo": 70.46464646464646
    },
    "en-it_IT": {
        "Gemini 2.5 Pro": 79.43023255813954,
        "GemTrans": 79.41162790697675,
        "GPT 4.1": 78.98139534883721,
        "Shy": 78.74418604651163,
        "CommandA-MT": 75.50697674418605,
        "Mistral Medium": 73.82790697674419,
        "CommandA": 73.18604651162791,
        "Claude 4": 72.14651162790697,
        "UvA-MT": 71.82790697674419,
        "DeepSeek V3": 71.65348837209302,
        "Qwen3 235B": 66.98372093023256,
        "TowerPlus 9B": 61.18604651162791,
        "IRB-MT": 60.32093023255814,
        "SalamandraTA": 57.520930232558136,
        "AyaExpanse 8B": 57.04651162790697,
        "EuroLLM 9B": 56.63023255813953,
        "Gemma 3 12B": 53.646511627906975,
        "Laniqo": 53.39767441860465
    },
    "cs-de_DE": {
        "Gemini 2.5 Pro": 90.73593073593074,
        "GPT 4.1": 89.46753246753246,
        "Claude 4": 88.77056277056278,
        "DeepSeek V3": 88.0909090909091,
        "Shy": 87.16233766233766,
        "Mistral Medium": 86.9891774891775,
        "CommandA": 86.7987012987013,
        "CommandA-MT": 85.61904761904762,
        "refA": 82.84199134199135,
        "GemTrans": 82.62121212121212,
        "Gemma 3 27B": 81.9891774891775,
        "Wenyiil": 81.98701298701299,
        "Algharb": 80.86363636363636,
        "TowerPlus 9B": 79.76623376623377,
        "UvA-MT": 79.51731601731602,
        "CUNI-MH-v2": 77.23809523809524,
        "Gemma 3 12B": 76.82900432900433,
        "SRPOL": 76.72294372294373,
        "Yolu": 75.30952380952381,
        "IRB-MT": 71.65367965367966,
        "Laniqo": 69.96753246753246
    },
    "en-ja_JP": {
        "refA": 89.18518518518519,
        "Gemini 2.5 Pro": 85.81216931216932,
        "Algharb": 85.69576719576719,
        "Mistral Medium": 84.7936507936508,
        "Wenyiil": 84.35978835978835,
        "GPT 4.1": 83.74603174603175,
        "CommandA-MT": 82.15873015873017,
        "Shy": 79.85714285714286,
        "DeepSeek V3": 79.33862433862434,
        "Claude 4": 79.32275132275132,
        "UvA-MT": 79.3068783068783,
        "ONLINE-B": 78.02380952380952,
        "In2x": 77.84391534391534,
        "GemTrans": 76.22751322751323,
        "KIKIS": 76.21164021164022,
        "Systran": 75.57671957671958,
        "NTTSU": 73.31746031746032,
        "Yolu": 72.64814814814815,
        "Laniqo": 67.77777777777777
    },
    "cs-uk_UA": {
        "Gemini 2.5 Pro": 92.90666666666667,
        "GPT 4.1": 92.14444444444445,
        "Shy": 91.82888888888888,
        "GemTrans": 90.2,
        "refA": 90.12222222222222,
        "Mistral Medium": 89.42888888888889,
        "Claude 4": 89.06,
        "DeepSeek V3": 89.01777777777778,
        "CommandA-MT": 88.66,
        "Gemma 3 27B": 88.6288888888889,
        "CommandA": 86.44,
        "Wenyiil": 85.74444444444444,
        "TowerPlus 9B": 85.33777777777777,
        "Algharb": 84.13555555555556,
        "UvA-MT": 83.53111111111112,
        "Laniqo": 83.39111111111112,
        "IRB-MT": 82.65777777777778,
        "SRPOL": 80.83333333333333,
        "Yolu": 80.14444444444445
    },
    "en-mas_KE": {
        "Gemini 2.5 Pro": 9.827027027027027,
        "refA": 9.643243243243242,
        "Claude 4": 7.745945945945946,
        "AyaExpanse 8B": 6.0162162162162165,
        "Llama 4 Maverick": 5.1891891891891895,
        "Shy": 4.835135135135135,
        "AyaExpanse 32B": 3.081081081081081,
        "DeepSeek V3": 3.0135135135135136,
        "Llama 3.1 8B": 3.0108108108108107,
        "Gemma 3 12B": 3.0054054054054054,
        "Qwen2.5 7B": 2.7756756756756755,
        "Qwen3 235B": 2.7432432432432434,
        "TranssionMT": 2.5297297297297296,
        "CommandR7B": 1.6324324324324324,
        "CommandA-MT": 1.537837837837838,
        "CommandA": 1.3486486486486486,
        "TowerPlus 9B": 0.7783783783783784,
        "EuroLLM 9B": 0.7405405405405405,
        "EuroLLM 22B": 0.47297297297297297
    },
    "en-ru_RU": {
        "Gemini 2.5 Pro": 83.4425,
        "Shy": 80.2175,
        "Wenyiil": 78.17,
        "GPT 4.1": 76.1675,
        "Claude 4": 75.88,
        "DeepSeek V3": 73.57,
        "Algharb": 73.3075,
        "CommandA-MT": 73.2375,
        "Yandex": 72.0475,
        "refA": 70.4525,
        "UvA-MT": 69.11,
        "Qwen3 235B": 67.6025,
        "IRB-MT": 65.39,
        "Yolu": 64.45,
        "GemTrans": 62.525,
        "Gemma 3 27B": 61.6675,
        "RuZh": 57.94,
        "SRPOL": 56.9075,
        "Laniqo": 56.2025
    },
    "en-cs_CZ": {
        "Gemini 2.5 Pro": 88.66745283018868,
        "Shy": 87.06603773584905,
        "DeepSeek V3": 85.13915094339623,
        "refA": 84.52358490566037,
        "CommandA-MT": 82.55896226415095,
        "Wenyiil": 82.44811320754717,
        "GPT 4.1": 80.77122641509433,
        "Mistral Medium": 80.4245283018868,
        "Claude 4": 79.63679245283019,
        "UvA-MT": 78.59669811320755,
        "Algharb": 76.69575471698113,
        "CommandA": 76.39858490566037,
        "Yolu": 75.64622641509433,
        "Gemma 3 27B": 75.61556603773585,
        "GemTrans": 73.21933962264151,
        "CUNI-MH-v2": 71.01179245283019,
        "SRPOL": 67.47877358490567,
        "Laniqo": 66.05188679245283,
        "TowerPlus 9B": 65.79716981132076,
        "SalamandraTA": 60.285377358490564
    },
    "en-is_IS": {
        "refA": 87.48267326732673,
        "Gemini 2.5 Pro": 77.5990099009901,
        "Erlendur": 68.3440594059406,
        "GPT 4.1": 68.00247524752476,
        "Shy": 63.17574257425743,
        "TowerPlus 9B": 57.415841584158414,
        "ONLINE-B": 51.82178217821782,
        "Claude 4": 47.79950495049505,
        "TowerPlus 72B": 46.336633663366335,
        "TranssionTranslate": 46.195544554455445,
        "AMI": 39.90346534653465,
        "GemTrans": 34.78712871287129,
        "SalamandraTA": 31.292079207920793,
        "UvA-MT": 30.646039603960396,
        "CommandA-MT": 28.99009900990099,
        "NLLB": 24.086633663366335,
        "IRB-MT": 20.665841584158414,
        "Gemma 3 12B": 16.462871287128714,
        "Llama 3.1 8B": 10.532178217821782
    },
    "en-bho_IN": {
        "Gemini 2.5 Pro": 94.92328042328042,
        "refA": 92.63492063492063,
        "Algharb": 91.05291005291005,
        "Wenyiil": 90.88095238095238,
        "Claude 4": 83.15873015873017,
        "GPT 4.1": 82.82275132275132,
        "TranssionTranslate": 79.52910052910053,
        "DeepSeek V3": 77.28042328042328,
        "Llama 4 Maverick": 76.36243386243386,
        "NLLB": 75.61111111111111,